{ "_id" : { "$oid" : "548f8b65e4b0ecab6ac98ca2" }, "_class" : "smpl.fabrikant.ordering.repositories.mongodb.models.QuoteDetails", "quoteId" : "914917670", "validUntil" : "12/1/14", "customerName" : "The Little Inn by the Bay", "dealerName" : "BigJoe", "comments" : "Here is your quote for our top-of-the-line fridge unit.", "terms" : "60 days", "unitDescription" : "CoolnessExtreme", "unitCost" : 12000, "additionalItems" : [ { "skuNumber" : "ACC-0001", "shouldPreInstall" : false, "amount" : 100 }, { "skuNumber" : "ACC-0002", "shouldPreInstall" : false, "amount" : 2 } ], "totalCost" : 18050, "discount" : 1500, "height" : 2.5, "width" : 5, "depth" : 8, "unit" : "meters", "purpose" : "Refrigerator", "ambientPeak" : 25, "ambientAverage" : 21, "buildOnSite" : true, "city" : "Wellfleet", "postalCode" : "02667", "state" : "MA" }

