﻿[
  {
    "Description": "Big four summer heat",
    "Category": "Nature",
    "Thumbnail": "/Assets/Photos/BigFourSummerHeat.png",
    "Name": "BigFourSummerHeat.png",
    "Longitude": "47.642101",
    "Latitude": "-122.137001"

  },
  {
    "Description": "Bison badlands Chillin",
    "Category": "Animal",
    "Thumbnail": "/Assets/Photos/BisonBadlandsChillin.png",
    "Name": "BisonBadlandsChillin.png",
    "Longitude": "47.642101",
    "Latitude": "-122.137001"
  },
  {
    "Description": "Giant slab in Oregon",
    "Category": "Nature",
    "Thumbnail": "/Assets/Photos/GiantSlabInOregon.png",
    "Name": "GiantSlabInOregon.png",
    "Longitude": "47.642101",
    "Latitude": "-122.137001"

  },
  {
    "Description": "Grand Tetons",
    "Category": "Nature",
    "Thumbnail": "/Assets/Photos/GrandTetons.png",
    "Name": "GrandTetons.png",
    "Longitude": "47.642101",
    "Latitude": "-122.137001"
  },
  {
    "Description": "Lake Ann Mushroom",
    "Category": "Nature",
    "Thumbnail": "/Assets/Photos/LakeAnnMushroom.png",
    "Name": "LakeAnnMushroom.png",
    "Longitude": "47.642101",
    "Latitude": "-122.137001"
  },
  {
    "Description": "Lunch break",
    "Category": "Animal",
    "Thumbnail": "/Assets/Photos/LunchBreak.png",
    "Name": "LunchBreak.png",
    "Longitude": "47.642101",
    "Latitude": "-122.137001"
  },
  {
    "Description": "Milky way St Helens hike purple",
    "Category": "Nature",
    "Thumbnail": "/Assets/Photos/MilkyWayStHelensHikePurple.png",
    "Name": "MilkyWayStHelensHikePurple.png",
    "Longitude": "47.642101",
    "Latitude": "-122.137001"
  },
  {
    "Description": "Mitchell buttes",
    "Category": "Nature",
    "Thumbnail": "/Assets/Photos/MitchellButtes.png",
    "Name": "MitchellButtes.png",
    "Longitude": "47.642101",
    "Latitude": "-122.137001"
  },
  {
    "Description": "Multnomah falls",
    "Category": "Nature",
    "Thumbnail": "/Assets/Photos/MultnomahFalls.png",
    "Name": "MultnomahFalls.png",
    "Longitude": "47.642101",
    "Latitude": "-122.137001"
  },
  {
    "Description": "Northern cascades reflection",
    "Category": "Nature",
    "Thumbnail": "/Assets/Photos/NorthernCascadesReflection.png",
    "Name": "NorthernCascadesReflection.png",
    "Longitude": "47.642101",
    "Latitude": "-122.137001"
  },
  {
    "Description": "November hike waterfall",
    "Category": "Nature",
    "Thumbnail": "/Assets/Photos/NovemberHikeWaterfall.png",
    "Name": "NovemberHikeWaterfall.png",
    "Longitude": "47.642101",
    "Latitude": "-122.137001"
  },
  {
    "Description": "Owl",
    "Category": "Animal",
    "Thumbnail": "/Assets/Photos/Owl.png",
    "Name": "Owl.png",
    "Longitude": "47.642101",
    "Latitude": "-122.137001"
  },
  {
    "Description": "Oregon winery namaste",
    "Category": "Nature",
    "Thumbnail": "/Assets/Photos/OregonWineryNamaste.png",
    "Name": "OregonWineryNamaste.png",
    "Longitude": "47.642101",
    "Latitude": "-122.137001"
  },
  {
    "Description": "Painted hills pathway",
    "Category": "Nature",
    "Thumbnail": "/Assets/Photos/PaintedHillsPathway.png",
    "Name": "PaintedHillsPathway.png",
    "Longitude": "47.642101",
    "Latitude": "-122.137001"
  },
  {
    "Description": "Columbia river Gorge",
    "Category": "Nature",
    "Thumbnail": "/Assets/Photos/ColumbiaRiverGorge.png",
    "Name": "ColumbiaRiverGorge.png",
    "Longitude": "47.642101",
    "Latitude": "-122.137001"
  },
  {
    "Description": "Running dog pacific city",
    "Category": "Nature",
    "Thumbnail": "/Assets/Photos/RunningDogPacificCity.png",
    "Name": "RunningDogPacificCity.png",
    "Longitude": "47.642101",
    "Latitude": "-122.137001"
  },
  {
    "Description": "Shooting on auto on the drone",
    "Category": "City",
    "Thumbnail": "/Assets/Photos/ShootingOnAutoOnTheDrone.png",
    "Name": "ShootingOnAutoOnTheDrone.png",
    "Longitude": "47.642101",
    "Latitude": "-122.137001"
  },
  {
    "Description": "Smithn rock down the river view",
    "Category": "Nature",
    "Thumbnail": "/Assets/Photos/SmithnRockDownTheRiverView.png",
    "Name": "SmithnRockDownTheRiverView.png",
    "Longitude": "47.642101",
    "Latitude": "-122.137001"
  },
  {
    "Description": "West Seattle view",
    "Category": "City",
    "Thumbnail": "/Assets/Photos/WestSeattleView.png",
    "Name": "WestSeattleView.png",
    "Longitude": "47.642101",
    "Latitude": "-122.137001"
  },
  {
    "Description": "Van",
    "Category": "Motor",
    "Thumbnail": "/Assets/Photos/Van.png",
    "Name": "Van.png",
    "Longitude": "47.642101",
    "Latitude": "-122.137001"
  },
  {
    "Description": "Speed triple atrists point",
    "Category": "Motor",
    "Thumbnail": "/Assets/Photos/SpeedTripleAtristsPoint.png",
    "Name": "SpeedTripleAtristsPoint.png",
    "Longitude": "47.642101",
    "Latitude": "-122.137001"
  },
  {
    "Description": "Snowy interbayt",
    "Category": "City",
    "Thumbnail": "/Assets/Photos/SnowyInterbayt.png",
    "Name": "SnowyInterbayt.png",
    "Longitude": "47.642101",
    "Latitude": "-122.137001"
  }
]
